[
    {"name": "Москва", "country": "Россия", "country_code": "RU", "lat": 55.7558, "lon": 37.6173},
    {"name": "Санкт-Петербург", "country": "Россия", "country_code": "RU", "lat": 59.9343, "lon": 30.3351},
    {"name": "Лондон", "country": "Великобритания", "country_code": "GB", "lat": 51.5074, "lon": -0.1278},
    {"name": "Париж", "country": "Франция", "country_code": "FR", "lat": 48.8566, "lon": 2.3522},
    {"name": "Берлин", "country": "Германия", "country_code": "DE", "lat": 52.5200, "lon": 13.4050},
    {"name": "Мадрид", "country": "Испания", "country_code": "ES", "lat": 40.4168, "lon": -3.7038},
    {"name": "Рим", "country": "Италия", "country_code": "IT", "lat": 41.9028, "lon": 12.4964},
    {"name": "Киев", "country": "Украина", "country_code": "UA", "lat": 50.4501, "lon": 30.5234},
    {"name": "Прага", "country": "Чехия", "country_code": "CZ", "lat": 50.0755, "lon": 14.4378},
    {"name": "Варшава", "country": "Польша", "country_code": "PL", "lat": 52.2297, "lon": 21.0122},
    {"name": "Вена", "country": "Австрия", "country_code": "AT", "lat": 48.2082, "lon": 16.3738},
    {"name": "Будапешт", "country": "Венгрия", "country_code": "HU", "lat": 47.4979, "lon": 19.0402},
    {"name": "Бухарест", "country": "Румыния", "country_code": "RO", "lat": 44.4268, "lon": 26.1025},
    {"name": "Стамбул", "country": "Турция", "country_code": "TR", "lat": 41.0082, "lon": 28.9784},
    {"name": "Афины", "country": "Греция", "country_code": "GR", "lat": 37.9838, "lon": 23.7275},
    {"name": "Амстердам", "country": "Нидерланды", "country_code": "NL", "lat": 52.3676, "lon": 4.9041},
    {"name": "Брюссель", "country": "Бельгия", "country_code": "BE", "lat": 50.8503, "lon": 4.3517},
    {"name": "Стокгольм", "country": "Швеция", "country_code": "SE", "lat": 59.3293, "lon": 18.0686},
    {"name": "Осло", "country": "Норвегия", "country_code": "NO", "lat": 59.9139, "lon": 10.7522},
    {"name": "Копенгаген", "country": "Дания", "country_code": "DK", "lat": 55.6761, "lon": 12.5683},
    {"name": "Хельсинки", "country": "Финляндия", "country_code": "FI", "lat": 60.1699, "lon": 24.9384},
    {"name": "Дублин", "country": "Ирландия", "country_code": "IE", "lat": 53.3498, "lon": -6.2603},
    {"name": "Лиссабон", "country": "Португалия", "country_code": "PT", "lat": 38.7223, "lon": -9.1393},
    {"name": "Барселона", "country": "Испания", "country_code": "ES", "lat": 41.3851, "lon": 2.1734},
    {"name": "Милан", "country": "Италия", "country_code": "IT", "lat": 45.4642, "lon": 9.1900},
    {"name": "Венеция", "country": "Италия", "country_code": "IT", "lat": 45.4408, "lon": 12.3155},
    {"name": "Флоренция", "country": "Италия", "country_code": "IT", "lat": 43.7696, "lon": 11.2558},
    {"name": "Неаполь", "country": "Италия", "country_code": "IT", "lat": 40.8518, "lon": 14.2681},
    {"name": "Мюнхен", "country": "Германия", "country_code": "DE", "lat": 48.1351, "lon": 11.5820},
    {"name": "Гамбург", "country": "Германия", "country_code": "DE", "lat": 53.5511, "lon": 9.9937},
    {"name": "Кёльн", "country": "Германия", "country_code": "DE", "lat": 50.9375, "lon": 6.9603},
    {"name": "Франкфурт", "country": "Германия", "country_code": "DE", "lat": 50.1109, "lon": 8.6821},
    {"name": "Лион", "country": "Франция", "country_code": "FR", "lat": 45.7640, "lon": 4.8357},
    {"name": "Марсель", "country": "Франция", "country_code": "FR", "lat": 43.2965, "lon": 5.3698},
    {"name": "Ницца", "country": "Франция", "country_code": "FR", "lat": 43.7102, "lon": 7.2620},
    {"name": "Бордо", "country": "Франция", "country_code": "FR", "lat": 44.8378, "lon": -0.5792},
    {"name": "Эдинбург", "country": "Великобритания", "country_code": "GB", "lat": 55.9533, "lon": -3.1883},
    {"name": "Манчестер", "country": "Великобритания", "country_code": "GB", "lat": 53.4808, "lon": -2.2426},
    {"name": "Ливерпуль", "country": "Великобритания", "country_code": "GB", "lat": 53.4084, "lon": -2.9916},
    {"name": "Бирмингем", "country": "Великобритания", "country_code": "GB", "lat": 52.4862, "lon": -1.8904},
    {"name": "Глазго", "country": "Великобритания", "country_code": "GB", "lat": 55.8642, "lon": -4.2518},
    {"name": "Цюрих", "country": "Швейцария", "country_code": "CH", "lat": 47.3769, "lon": 8.5417},
    {"name": "Женева", "country": "Швейцария", "country_code": "CH", "lat": 46.2044, "lon": 6.1432},
    {"name": "Люцерн", "country": "Швейцария", "country_code": "CH", "lat": 47.0502, "lon": 8.3093},
    {"name": "Краков", "country": "Польша", "country_code": "PL", "lat": 50.0647, "lon": 19.9450},
    {"name": "Гданьск", "country": "Польша", "country_code": "PL", "lat": 54.3520, "lon": 18.6466},
    {"name": "Одесса", "country": "Украина", "country_code": "UA", "lat": 46.4825, "lon": 30.7233},
    {"name": "Львов", "country": "Украина", "country_code": "UA", "lat": 49.8397, "lon": 24.0297},
    {"name": "Минск", "country": "Беларусь", "country_code": "BY", "lat": 53.9045, "lon": 27.5615},
    {"name": "Рига", "country": "Латвия", "country_code": "LV", "lat": 56.9496, "lon": 24.1052},
    {"name": "Вильнюс", "country": "Литва", "country_code": "LT", "lat": 54.6872, "lon": 25.2797},
    {"name": "Таллин", "country": "Эстония", "country_code": "EE", "lat": 59.4370, "lon": 24.7536},
    {"name": "София", "country": "Болгария", "country_code": "BG", "lat": 42.6977, "lon": 23.3219},
    {"name": "Белград", "country": "Сербия", "country_code": "RS", "lat": 44.7866, "lon": 20.4489},
    {"name": "Загреб", "country": "Хорватия", "country_code": "HR", "lat": 45.8150, "lon": 15.9819},
    {"name": "Сараево", "country": "Босния и Герцеговина", "country_code": "BA", "lat": 43.8563, "lon": 18.4131},
    {"name": "Скопье", "country": "Северная Македония", "country_code": "MK", "lat": 41.9973, "lon": 21.4280},
    {"name": "Тирана", "country": "Албания", "country_code": "AL", "lat": 41.3275, "lon": 19.8187},
    {"name": "Кишинёв", "country": "Молдова", "country_code": "MD", "lat": 47.0105, "lon": 28.8638},
    {"name": "Ереван", "country": "Армения", "country_code": "AM", "lat": 40.1792, "lon": 44.4991},
    {"name": "Тбилиси", "country": "Грузия", "country_code": "GE", "lat": 41.7151, "lon": 44.8271},
    {"name": "Баку", "country": "Азербайджан", "country_code": "AZ", "lat": 40.4093, "lon": 49.8671},
    {"name": "Астана", "country": "Казахстан", "country_code": "KZ", "lat": 51.1694, "lon": 71.4491},
    {"name": "Алматы", "country": "Казахстан", "country_code": "KZ", "lat": 43.2220, "lon": 76.8512},
    {"name": "Ташкент", "country": "Узбекистан", "country_code": "UZ", "lat": 41.2995, "lon": 69.2401},
    {"name": "Нью-Йорк", "country": "США", "country_code": "US", "lat": 40.7128, "lon": -74.0060},
    {"name": "Лос-Анджелес", "country": "США", "country_code": "US", "lat": 34.0522, "lon": -118.2437},
    {"name": "Чикаго", "country": "США", "country_code": "US", "lat": 41.8781, "lon": -87.6298},
    {"name": "Майами", "country": "США", "country_code": "US", "lat": 25.7617, "lon": -80.1918},
    {"name": "Лас-Вегас", "country": "США", "country_code": "US", "lat": 36.1699, "lon": -115.1398},
    {"name": "Сан-Франциско", "country": "США", "country_code": "US", "lat": 37.7749, "lon": -122.4194},
    {"name": "Сиэтл", "country": "США", "country_code": "US", "lat": 47.6062, "lon": -122.3321},
    {"name": "Бостон", "country": "США", "country_code": "US", "lat": 42.3601, "lon": -71.0589},
    {"name": "Вашингтон", "country": "США", "country_code": "US", "lat": 38.9072, "lon": -77.0369},
    {"name": "Торонто", "country": "Канада", "country_code": "CA", "lat": 43.6532, "lon": -79.3832},
    {"name": "Ванкувер", "country": "Канада", "country_code": "CA", "lat": 49.2827, "lon": -123.1207},
    {"name": "Монреаль", "country": "Канада", "country_code": "CA", "lat": 45.5017, "lon": -73.5673},
    {"name": "Мехико", "country": "Мексика", "country_code": "MX", "lat": 19.4326, "lon": -99.1332},
    {"name": "Канкун", "country": "Мексика", "country_code": "MX", "lat": 21.1619, "lon": -86.8515},
    {"name": "Рио-де-Жанейро", "country": "Бразилия", "country_code": "BR", "lat": -22.9068, "lon": -43.1729},
    {"name": "Сан-Паулу", "country": "Бразилия", "country_code": "BR", "lat": -23.5505, "lon": -46.6333},
    {"name": "Буэнос-Айрес", "country": "Аргентина", "country_code": "AR", "lat": -34.6037, "lon": -58.3816},
    {"name": "Лима", "country": "Перу", "country_code": "PE", "lat": -12.0464, "lon": -77.0428},
    {"name": "Сантьяго", "country": "Чили", "country_code": "CL", "lat": -33.4489, "lon": -70.6693},
    {"name": "Богота", "country": "Колумбия", "country_code": "CO", "lat": 4.7110, "lon": -74.0721},
    {"name": "Токио", "country": "Япония", "country_code": "JP", "lat": 35.6762, "lon": 139.6503},
    {"name": "Осака", "country": "Япония", "country_code": "JP", "lat": 34.6937, "lon": 135.5023},
    {"name": "Киото", "country": "Япония", "country_code": "JP", "lat": 35.0116, "lon": 135.7681},
    {"name": "Сеул", "country": "Южная Корея", "country_code": "KR", "lat": 37.5665, "lon": 126.9780},
    {"name": "Пусан", "country": "Южная Корея", "country_code": "KR", "lat": 35.1796, "lon": 129.0756},
    {"name": "Пекин", "country": "Китай", "country_code": "CN", "lat": 39.9042, "lon": 116.4074},
    {"name": "Шанхай", "country": "Китай", "country_code": "CN", "lat": 31.2304, "lon": 121.4737},
    {"name": "Гонконг", "country": "Китай", "country_code": "CN", "lat": 22.3193, "lon": 114.1694},
    {"name": "Гуанчжоу", "country": "Китай", "country_code": "CN", "lat": 23.1291, "lon": 113.2644},
    {"name": "Шэньчжэнь", "country": "Китай", "country_code": "CN", "lat": 22.5431, "lon": 114.0579},
    {"name": "Сингапур", "country": "Сингапур", "country_code": "SG", "lat": 1.3521, "lon": 103.8198},
    {"name": "Бангкок", "country": "Таиланд", "country_code": "TH", "lat": 13.7563, "lon": 100.5018},
    {"name": "Пхукет", "country": "Таиланд", "country_code": "TH", "lat": 7.8804, "lon": 98.3923},
    {"name": "Дубай", "country": "ОАЭ", "country_code": "AE", "lat": 25.2048, "lon": 55.2708},
    {"name": "Абу-Даби", "country": "ОАЭ", "country_code": "AE", "lat": 24.4539, "lon": 54.3773},
    {"name": "Дели", "country": "Индия", "country_code": "IN", "lat": 28.6139, "lon": 77.2090},
    {"name": "Мумбаи", "country": "Индия", "country_code": "IN", "lat": 19.0760, "lon": 72.8777},
    {"name": "Гоа", "country": "Индия", "country_code": "IN", "lat": 15.2993, "lon": 74.1240},
    {"name": "Катманду", "country": "Непал", "country_code": "NP", "lat": 27.7172, "lon": 85.3240},
    {"name": "Куала-Лумпур", "country": "Малайзия", "country_code": "MY", "lat": 3.1390, "lon": 101.6869},
    {"name": "Джакарта", "country": "Индонезия", "country_code": "ID", "lat": -6.2088, "lon": 106.8456},
    {"name": "Бали", "country": "Индонезия", "country_code": "ID", "lat": -8.4095, "lon": 115.1889},
    {"name": "Манила", "country": "Филиппины", "country_code": "PH", "lat": 14.5995, "lon": 120.9842},
    {"name": "Сиемрип", "country": "Камбоджа", "country_code": "KH", "lat": 13.3671, "lon": 103.8448},
    {"name": "Хошимин", "country": "Вьетнам", "country_code": "VN", "lat": 10.8231, "lon": 106.6297},
    {"name": "Ханой", "country": "Вьетнам", "country_code": "VN", "lat": 21.0278, "lon": 105.8342},
    {"name": "Тель-Авив", "country": "Израиль", "country_code": "IL", "lat": 32.0853, "lon": 34.7818},
    {"name": "Иерусалим", "country": "Израиль", "country_code": "IL", "lat": 31.7683, "lon": 35.2137},
    {"name": "Каир", "country": "Египет", "country_code": "EG", "lat": 30.0444, "lon": 31.2357},
    {"name": "Александрия", "country": "Египет", "country_code": "EG", "lat": 31.2001, "lon": 29.9187},
    {"name": "Марракеш", "country": "Марокко", "country_code": "MA", "lat": 31.6295, "lon": -7.9811},
    {"name": "Касабланка", "country": "Марокко", "country_code": "MA", "lat": 33.5731, "lon": -7.5898},
    {"name": "Тунис", "country": "Тунис", "country_code": "TN", "lat": 36.8065, "lon": 10.1815},
    {"name": "Кейптаун", "country": "ЮАР", "country_code": "ZA", "lat": -33.9249, "lon": 18.4241},
    {"name": "Йоханнесбург", "country": "ЮАР", "country_code": "ZA", "lat": -26.2041, "lon": 28.0473},
    {"name": "Найроби", "country": "Кения", "country_code": "KE", "lat": -1.2921, "lon": 36.8219},
    {"name": "Сидней", "country": "Австралия", "country_code": "AU", "lat": -33.8688, "lon": 151.2093},
    {"name": "Мельбурн", "country": "Австралия", "country_code": "AU", "lat": -37.8136, "lon": 144.9631},
    {"name": "Брисбен", "country": "Австралия", "country_code": "AU", "lat": -27.4698, "lon": 153.0251},
    {"name": "Перт", "country": "Австралия", "country_code": "AU", "lat": -31.9505, "lon": 115.8605},
    {"name": "Окленд", "country": "Новая Зеландия", "country_code": "NZ", "lat": -36.8485, "lon": 174.7633},
    {"name": "Веллингтон", "country": "Новая Зеландия", "country_code": "NZ", "lat": -41.2865, "lon": 174.7762},
    {"name": "Рейкьявик", "country": "Исландия", "country_code": "IS", "lat": 64.1265, "lon": -21.8174},
    {"name": "Осло", "country": "Норвегия", "country_code": "NO", "lat": 59.9139, "lon": 10.7522},
    {"name": "Берген", "country": "Норвегия", "country_code": "NO", "lat": 60.3913, "lon": 5.3221},
    {"name": "Стокгольм", "country": "Швеция", "country_code": "SE", "lat": 59.3293, "lon": 18.0686},
    {"name": "Гётеборг", "country": "Швеция", "country_code": "SE", "lat": 57.7089, "lon": 11.9746},
    {"name": "Копенгаген", "country": "Дания", "country_code": "DK", "lat": 55.6761, "lon": 12.5683},
    {"name": "Орхус", "country": "Дания", "country_code": "DK", "lat": 56.1629, "lon": 10.2039},
    {"name": "Хельсинки", "country": "Финляндия", "country_code": "FI", "lat": 60.1699, "lon": 24.9384},
    {"name": "Турку", "country": "Финляндия", "country_code": "FI", "lat": 60.4518, "lon": 22.2666},
    {"name": "Таллин", "country": "Эстония", "country_code": "EE", "lat": 59.4370, "lon": 24.7536},
    {"name": "Рига", "country": "Латвия", "country_code": "LV", "lat": 56.9496, "lon": 24.1052},
    {"name": "Вильнюс", "country": "Литва", "country_code": "LT", "lat": 54.6872, "lon": 25.2797},
    {"name": "Минск", "country": "Беларусь", "country_code": "BY", "lat": 53.9045, "lon": 27.5615},
    {"name": "Киев", "country": "Украина", "country_code": "UA", "lat": 50.4501, "lon": 30.5234},
    {"name": "Одесса", "country": "Украина", "country_code": "UA", "lat": 46.4825, "lon": 30.7233},
    {"name": "Львов", "country": "Украина", "country_code": "UA", "lat": 49.8397, "lon": 24.0297},
    {"name": "Варшава", "country": "Польша", "country_code": "PL", "lat": 52.2297, "lon": 21.0122},
    {"name": "Краков", "country": "Польша", "country_code": "PL", "lat": 50.0647, "lon": 19.9450},
    {"name": "Гданьск", "country": "Польша", "country_code": "PL", "lat": 54.3520, "lon": 18.6466},
    {"name": "Прага", "country": "Чехия", "country_code": "CZ", "lat": 50.0755, "lon": 14.4378},
    {"name": "Брно", "country": "Чехия", "country_code": "CZ", "lat": 49.1951, "lon": 16.6068},
    {"name": "Братислава", "country": "Словакия", "country_code": "SK", "lat": 48.1486, "lon": 17.1077},
    {"name": "Будапешт", "country": "Венгрия", "country_code": "HU", "lat": 47.4979, "lon": 19.0402},
    {"name": "Дебрецен", "country": "Венгрия", "country_code": "HU", "lat": 47.5316, "lon": 21.6273},
    {"name": "Бухарест", "country": "Румыния", "country_code": "RO", "lat": 44.4268, "lon": 26.1025},
    {"name": "Клуж-Напока", "country": "Румыния", "country_code": "RO", "lat": 46.7712, "lon": 23.6236},
    {"name": "София", "country": "Болгария", "country_code": "BG", "lat": 42.6977, "lon": 23.3219},
    {"name": "Варна", "country": "Болгария", "country_code": "BG", "lat": 43.2141, "lon": 27.9147},
    {"name": "Белград", "country": "Сербия", "country_code": "RS", "lat": 44.7866, "lon": 20.4489},
    {"name": "Нови-Сад", "country": "Сербия", "country_code": "RS", "lat": 45.2671, "lon": 19.8335},
    {"name": "Загреб", "country": "Хорватия", "country_code": "HR", "lat": 45.8150, "lon": 15.9819},
    {"name": "Сплит", "country": "Хорватия", "country_code": "HR", "lat": 43.5081, "lon": 16.4402},
    {"name": "Сараево", "country": "Босния и Герцеговина", "country_code": "BA", "lat": 43.8563, "lon": 18.4131},
    {"name": "Мостар", "country": "Босния и Герцеговина", "country_code": "BA", "lat": 43.3433, "lon": 17.8078},
    {"name": "Подгорица", "country": "Черногория", "country_code": "ME", "lat": 42.4304, "lon": 19.2594},
    {"name": "Будва", "country": "Черногория", "country_code": "ME", "lat": 42.2781, "lon": 18.8400},
    {"name": "Тирана", "country": "Албания", "country_code": "AL", "lat": 41.3275, "lon": 19.8187},
    {"name": "Дуррес", "country": "Албания", "country_code": "AL", "lat": 41.3236, "lon": 19.4419},
    {"name": "Скопье", "country": "Северная Македония", "country_code": "MK", "lat": 41.9973, "lon": 21.4280},
    {"name": "Приштина", "country": "Косово", "country_code": "XK", "lat": 42.6629, "lon": 21.1655},
    {"name": "Кишинёв", "country": "Молдова", "country_code": "MD", "lat": 47.0105, "lon": 28.8638},
    {"name": "Тбилиси", "country": "Грузия", "country_code": "GE", "lat": 41.7151, "lon": 44.8271},
    {"name": "Батуми", "country": "Грузия", "country_code": "GE", "lat": 41.6458, "lon": 41.6417},
    {"name": "Ереван", "country": "Армения", "country_code": "AM", "lat": 40.1792, "lon": 44.4991},
    {"name": "Гюмри", "country": "Армения", "country_code": "AM", "lat": 40.7894, "lon": 43.8475},
    {"name": "Баку", "country": "Азербайджан", "country_code": "AZ", "lat": 40.4093, "lon": 49.8671},
    {"name": "Гянджа", "country": "Азербайджан", "country_code": "AZ", "lat": 40.6828, "lon": 46.3606},
    {"name": "Анкара", "country": "Турция", "country_code": "TR", "lat": 39.9334, "lon": 32.8597},
    {"name": "Измир", "country": "Турция", "country_code": "TR", "lat": 38.4237, "lon": 27.1428},
    {"name": "Анталья", "country": "Турция", "country_code": "TR", "lat": 36.8969, "lon": 30.7133},
    {"name": "Бодрум", "country": "Турция", "country_code": "TR", "lat": 37.0344, "lon": 27.4305},
    {"name": "Никосия", "country": "Кипр", "country_code": "CY", "lat": 35.1856, "lon": 33.3823},
    {"name": "Лимассол", "country": "Кипр", "country_code": "CY", "lat": 34.7071, "lon": 33.0226},
    {"name": "Бейрут", "country": "Ливан", "country_code": "LB", "lat": 33.8938, "lon": 35.5018},
    {"name": "Амман", "country": "Иордания", "country_code": "JO", "lat": 31.9454, "lon": 35.9284},
    {"name": "Дубай", "country": "ОАЭ", "country_code": "AE", "lat": 25.2048, "lon": 55.2708},
    {"name": "Абу-Даби", "country": "ОАЭ", "country_code": "AE", "lat": 24.4539, "lon": 54.3773},
    {"name": "Доха", "country": "Катар", "country_code": "QA", "lat": 25.2854, "lon": 51.5310},
    {"name": "Манама", "country": "Бахрейн", "country_code": "BH", "lat": 26.2285, "lon": 50.5860},
    {"name": "Мускат", "country": "Оман", "country_code": "OM", "lat": 23.5880, "lon": 58.3829},
    {"name": "Эр-Рияд", "country": "Саудовская Аравия", "country_code": "SA", "lat": 24.7136, "lon": 46.6753},
    {"name": "Джидда", "country": "Саудовская Аравия", "country_code": "SA", "lat": 21.4858, "lon": 39.1925},
    {"name": "Кувейт", "country": "Кувейт", "country_code": "KW", "lat": 29.3759, "lon": 47.9774},
    {"name": "Багдад", "country": "Ирак", "country_code": "IQ", "lat": 33.3152, "lon": 44.3661},
    {"name": "Тегеран", "country": "Иран", "country_code": "IR", "lat": 35.6892, "lon": 51.3890},
    {"name": "Исфахан", "country": "Иран", "country_code": "IR", "lat": 32.6546, "lon": 51.6680},
    {"name": "Кабул", "country": "Афганистан", "country_code": "AF", "lat": 34.5553, "lon": 69.2075},
    {"name": "Исламабад", "country": "Пакистан", "country_code": "PK", "lat": 33.6844, "lon": 73.0479},
    {"name": "Карачи", "country": "Пакистан", "country_code": "PK", "lat": 24.8607, "lon": 67.0011},
    {"name": "Дакка", "country": "Бангладеш", "country_code": "BD", "lat": 23.8103, "lon": 90.4125},
    {"name": "Коломбо", "country": "Шри-Ланка", "country_code": "LK", "lat": 6.9271, "lon": 79.8612},
    {"name": "Мале", "country": "Мальдивы", "country_code": "MV", "lat": 4.1755, "lon": 73.5093},
    {"name": "Тхимпху", "country": "Бутан", "country_code": "BT", "lat": 27.4728, "lon": 89.6390},
    {"name": "Улан-Батор", "country": "Монголия", "country_code": "MN", "lat": 47.8864, "lon": 106.9057},
    {"name": "Пхеньян", "country": "КНДР", "country_code": "KP", "lat": 39.0392, "lon": 125.7625},
    {"name": "Асмэра", "country": "Эритрея", "country_code": "ER", "lat": 15.3229, "lon": 38.9251},
    {"name": "Хартум", "country": "Судан", "country_code": "SD", "lat": 15.5007, "lon": 32.5599},
    {"name": "Аддис-Абеба", "country": "Эфиопия", "country_code": "ET", "lat": 9.0320, "lon": 38.7498},
    {"name": "Кампала", "country": "Уганда", "country_code": "UG", "lat": 0.3476, "lon": 32.5825},
    {"name": "Дар-эс-Салам", "country": "Танзания", "country_code": "TZ", "lat": -6.7924, "lon": 39.2083},
    {"name": "Луанда", "country": "Ангола", "country_code": "AO", "lat": -8.8383, "lon": 13.2344},
    {"name": "Лагос", "country": "Нигерия", "country_code": "NG", "lat": 6.5244, "lon": 3.3792},
    {"name": "Аккра", "country": "Гана", "country_code": "GH", "lat": 5.6037, "lon": -0.1870},
    {"name": "Абиджан", "country": "Кот-д'Ивуар", "country_code": "CI", "lat": 5.3600, "lon": -4.0083},
    {"name": "Дакар", "country": "Сенегал", "country_code": "SN", "lat": 14.7167, "lon": -17.4677},
    {"name": "Рабат", "country": "Марокко", "country_code": "MA", "lat": 34.0209, "lon": -6.8416},
    {"name": "Триполи", "country": "Ливия", "country_code": "LY", "lat": 32.8872, "lon": 13.1913},
    {"name": "Тунис", "country": "Тунис", "country_code": "TN", "lat": 36.8065, "lon": 10.1815},
    {"name": "Алжир", "country": "Алжир", "country_code": "DZ", "lat": 36.7538, "lon": 3.0588},
    {"name": "Нуакшот", "country": "Мавритания", "country_code": "MR", "lat": 18.0735, "lon": -15.9582},
    {"name": "Бамако", "country": "Мали", "country_code": "ML", "lat": 12.6392, "lon": -8.0029},
    {"name": "Уагадугу", "country": "Буркина-Фасо", "country_code": "BF", "lat": 12.3714, "lon": -1.5197},
    {"name": "Ниамей", "country": "Нигер", "country_code": "NE", "lat": 13.5136, "lon": 2.1098},
    {"name": "Нджамена", "country": "Чад", "country_code": "TD", "lat": 12.1348, "lon": 15.0557},
    {"name": "Харгейса", "country": "Сомалиленд", "country_code": "SO", "lat": 9.5616, "lon": 44.0650},
    {"name": "Джибути", "country": "Джибути", "country_code": "DJ", "lat": 11.5721, "lon": 43.1456},
    {"name": "Асмэра", "country": "Эритрея", "country_code": "ER", "lat": 15.3229, "lon": 38.9251},
    {"name": "Адис-Абеба", "country": "Эфиопия", "country_code": "ET", "lat": 9.0320, "lon": 38.7498},
    {"name": "Кампала", "country": "Уганда", "country_code": "UG", "lat": 0.3476, "lon": 32.5825},
    {"name": "Кигали", "country": "Руанда", "country_code": "RW", "lat": -1.9441, "lon": 30.0619},
    {"name": "Бужумбура", "country": "Бурунди", "country_code": "BI", "lat": -3.3614, "lon": 29.3599},
    {"name": "Додома", "country": "Танзания", "country_code": "TZ", "lat": -6.1630, "lon": 35.7516},
    {"name": "Лусак", "country": "Замбия", "country_code": "ZM", "lat": -15.3875, "lon": 28.3228},
    {"name": "Хараре", "country": "Зимбабве", "country_code": "ZW", "lat": -17.8292, "lon": 31.0522},
    {"name": "Габороне", "country": "Ботсвана", "country_code": "BW", "lat": -24.6282, "lon": 25.9231},
    {"name": "Виндхук", "country": "Намибия", "country_code": "NA", "lat": -22.5609, "lon": 17.0658},
    {"name": "Мбабане", "country": "Эсватини", "country_code": "SZ", "lat": -26.3054, "lon": 31.1367},
    {"name": "Масеру", "country": "Лесото", "country_code": "LS", "lat": -29.3101, "lon": 27.4784},
    {"name": "Антананариву", "country": "Мадагаскар", "country_code": "MG", "lat": -18.8792, "lon": 47.5079},
    {"name": "Порт-Луи", "country": "Маврикий", "country_code": "MU", "lat": -20.1609, "lon": 57.5012},
    {"name": "Виктория", "country": "Сейшелы", "country_code": "SC", "lat": -4.6203, "lon": 55.4550},
    {"name": "Морони", "country": "Коморы", "country_code": "KM", "lat": -11.7172, "lon": 43.2473},
    {"name": "Порт-Морсби", "country": "Папуа-Новая Гвинея", "country_code": "PG", "lat": -9.4438, "lon": 147.1803},
    {"name": "Хониара", "country": "Соломоновы Острова", "country_code": "SB", "lat": -9.4456, "lon": 159.9729},
    {"name": "Порт-Вила", "country": "Вануату", "country_code": "VU", "lat": -17.7333, "lon": 168.3273},
    {"name": "Сува", "country": "Фиджи", "country_code": "FJ", "lat": -18.1248, "lon": 178.4501},
    {"name": "Нукуалофа", "country": "Тонга", "country_code": "TO", "lat": -21.1390, "lon": -175.2049},
    {"name": "Апиа", "country": "Самоа", "country_code": "WS", "lat": -13.8333, "lon": -171.7667},
    {"name": "Паго-Паго", "country": "Американское Самоа", "country_code": "AS", "lat": -14.2756, "lon": -170.7020},
    {"name": "Маджуро", "country": "Маршалловы Острова", "country_code": "MH", "lat": 7.0897, "lon": 171.3803},
    {"name": "Паликир", "country": "Федеративные Штаты Микронезии", "country_code": "FM", "lat": 6.9178, "lon": 158.1850},
    {"name": "Ярен", "country": "Науру", "country_code": "NR", "lat": -0.5477, "lon": 166.9209},
    {"name": "Южная Тарава", "country": "Кирибати", "country_code": "KI", "lat": 1.3282, "lon": 172.9750},
    {"name": "Фунафути", "country": "Тувалу", "country_code": "TV", "lat": -8.5167, "lon": 179.2167}
]